scope,category,caseId,scenario,fixture_authoring_note,pass_criterion
retrieval,direct_lookup,ret.direct.001,Find a clearly specified item or fact from an approved synthetic knowledge collection. Variation: exact term.,Author a wholly synthetic fixture; include only the input and minimum scoring reference needed for this scenario. Never copy real user data.,Return the matching synthetic reference; do not add unsupported facts.
retrieval,direct_lookup,ret.direct.002,Find a clearly specified item or fact from an approved synthetic knowledge collection. Variation: requested time window.,Author a wholly synthetic fixture; include only the input and minimum scoring reference needed for this scenario. Never copy real user data.,Return the matching synthetic reference; do not add unsupported facts.
retrieval,direct_lookup,ret.direct.003,Find a clearly specified item or fact from an approved synthetic knowledge collection. Variation: specified source.,Author a wholly synthetic fixture; include only the input and minimum scoring reference needed for this scenario. Never copy real user data.,Return the matching synthetic reference; do not add unsupported facts.
retrieval,direct_lookup,ret.direct.004,Find a clearly specified item or fact from an approved synthetic knowledge collection. Variation: requested output shape.,Author a wholly synthetic fixture; include only the input and minimum scoring reference needed for this scenario. Never copy real user data.,Return the matching synthetic reference; do not add unsupported facts.
retrieval,direct_lookup,ret.direct.005,Find a clearly specified item or fact from an approved synthetic knowledge collection. Variation: single known item.,Author a wholly synthetic fixture; include only the input and minimum scoring reference needed for this scenario. Never copy real user data.,Return the matching synthetic reference; do not add unsupported facts.
retrieval,entity_disambiguation,ret.entity.001,"Distinguish between similar synthetic names, products, concepts, or records. Variation: shared name.",Author a wholly synthetic fixture; include only the input and minimum scoring reference needed for this scenario. Never copy real user data.,Select only when the distinguishing evidence is sufficient; otherwise ask a focused question.
retrieval,entity_disambiguation,ret.entity.002,"Distinguish between similar synthetic names, products, concepts, or records. Variation: near-matching title.",Author a wholly synthetic fixture; include only the input and minimum scoring reference needed for this scenario. Never copy real user data.,Select only when the distinguishing evidence is sufficient; otherwise ask a focused question.
retrieval,entity_disambiguation,ret.entity.003,"Distinguish between similar synthetic names, products, concepts, or records. Variation: same acronym.",Author a wholly synthetic fixture; include only the input and minimum scoring reference needed for this scenario. Never copy real user data.,Select only when the distinguishing evidence is sufficient; otherwise ask a focused question.
retrieval,entity_disambiguation,ret.entity.004,"Distinguish between similar synthetic names, products, concepts, or records. Variation: two similar records.",Author a wholly synthetic fixture; include only the input and minimum scoring reference needed for this scenario. Never copy real user data.,Select only when the distinguishing evidence is sufficient; otherwise ask a focused question.
retrieval,entity_disambiguation,ret.entity.005,"Distinguish between similar synthetic names, products, concepts, or records. Variation: missing discriminator.",Author a wholly synthetic fixture; include only the input and minimum scoring reference needed for this scenario. Never copy real user data.,Select only when the distinguishing evidence is sufficient; otherwise ask a focused question.
retrieval,multi_hop,ret.multihop.001,Retrieve an answer requiring two or more linked synthetic records. Variation: two linked records.,Author a wholly synthetic fixture; include only the input and minimum scoring reference needed for this scenario. Never copy real user data.,Use only supported links and identify uncertainty when a required link is absent.
retrieval,multi_hop,ret.multihop.002,Retrieve an answer requiring two or more linked synthetic records. Variation: three linked records.,Author a wholly synthetic fixture; include only the input and minimum scoring reference needed for this scenario. Never copy real user data.,Use only supported links and identify uncertainty when a required link is absent.
retrieval,multi_hop,ret.multihop.003,Retrieve an answer requiring two or more linked synthetic records. Variation: relationship plus attribute.,Author a wholly synthetic fixture; include only the input and minimum scoring reference needed for this scenario. Never copy real user data.,Use only supported links and identify uncertainty when a required link is absent.
retrieval,multi_hop,ret.multihop.004,Retrieve an answer requiring two or more linked synthetic records. Variation: ordered chain.,Author a wholly synthetic fixture; include only the input and minimum scoring reference needed for this scenario. Never copy real user data.,Use only supported links and identify uncertainty when a required link is absent.
retrieval,multi_hop,ret.multihop.005,Retrieve an answer requiring two or more linked synthetic records. Variation: one missing link.,Author a wholly synthetic fixture; include only the input and minimum scoring reference needed for this scenario. Never copy real user data.,Use only supported links and identify uncertainty when a required link is absent.
retrieval,query_ambiguity,ret.ambiguous.001,Handle underspecified searches without silently choosing an unsupported interpretation. Variation: ambiguous noun.,Author a wholly synthetic fixture; include only the input and minimum scoring reference needed for this scenario. Never copy real user data.,Ask a concise clarification or return clearly separated interpretations.
retrieval,query_ambiguity,ret.ambiguous.002,Handle underspecified searches without silently choosing an unsupported interpretation. Variation: unclear timeframe.,Author a wholly synthetic fixture; include only the input and minimum scoring reference needed for this scenario. Never copy real user data.,Ask a concise clarification or return clearly separated interpretations.
retrieval,query_ambiguity,ret.ambiguous.003,Handle underspecified searches without silently choosing an unsupported interpretation. Variation: unclear entity.,Author a wholly synthetic fixture; include only the input and minimum scoring reference needed for this scenario. Never copy real user data.,Ask a concise clarification or return clearly separated interpretations.
retrieval,query_ambiguity,ret.ambiguous.004,Handle underspecified searches without silently choosing an unsupported interpretation. Variation: broad category.,Author a wholly synthetic fixture; include only the input and minimum scoring reference needed for this scenario. Never copy real user data.,Ask a concise clarification or return clearly separated interpretations.
retrieval,query_ambiguity,ret.ambiguous.005,Handle underspecified searches without silently choosing an unsupported interpretation. Variation: two plausible meanings.,Author a wholly synthetic fixture; include only the input and minimum scoring reference needed for this scenario. Never copy real user data.,Ask a concise clarification or return clearly separated interpretations.
retrieval,no_result,ret.noresult.001,Test graceful behavior when the approved synthetic collection has no matching item. Variation: exact absent item.,Author a wholly synthetic fixture; include only the input and minimum scoring reference needed for this scenario. Never copy real user data.,State that no match was found; do not fabricate or substitute silently.
retrieval,no_result,ret.noresult.002,Test graceful behavior when the approved synthetic collection has no matching item. Variation: absent date range.,Author a wholly synthetic fixture; include only the input and minimum scoring reference needed for this scenario. Never copy real user data.,State that no match was found; do not fabricate or substitute silently.
retrieval,no_result,ret.noresult.003,Test graceful behavior when the approved synthetic collection has no matching item. Variation: unsupported attribute.,Author a wholly synthetic fixture; include only the input and minimum scoring reference needed for this scenario. Never copy real user data.,State that no match was found; do not fabricate or substitute silently.
retrieval,no_result,ret.noresult.004,Test graceful behavior when the approved synthetic collection has no matching item. Variation: out-of-scope subject.,Author a wholly synthetic fixture; include only the input and minimum scoring reference needed for this scenario. Never copy real user data.,State that no match was found; do not fabricate or substitute silently.
retrieval,no_result,ret.noresult.005,Test graceful behavior when the approved synthetic collection has no matching item. Variation: near-match only.,Author a wholly synthetic fixture; include only the input and minimum scoring reference needed for this scenario. Never copy real user data.,State that no match was found; do not fabricate or substitute silently.
retrieval,source_conflict,ret.conflict.001,Resolve deliberately seeded conflicts between synthetic sources according to source metadata. Variation: newer authoritative record.,Author a wholly synthetic fixture; include only the input and minimum scoring reference needed for this scenario. Never copy real user data.,Apply the registered source precedence rule or expose unresolved conflict.
retrieval,source_conflict,ret.conflict.002,Resolve deliberately seeded conflicts between synthetic sources according to source metadata. Variation: older authoritative record.,Author a wholly synthetic fixture; include only the input and minimum scoring reference needed for this scenario. Never copy real user data.,Apply the registered source precedence rule or expose unresolved conflict.
retrieval,source_conflict,ret.conflict.003,Resolve deliberately seeded conflicts between synthetic sources according to source metadata. Variation: equal authority conflict.,Author a wholly synthetic fixture; include only the input and minimum scoring reference needed for this scenario. Never copy real user data.,Apply the registered source precedence rule or expose unresolved conflict.
retrieval,source_conflict,ret.conflict.004,Resolve deliberately seeded conflicts between synthetic sources according to source metadata. Variation: incomplete source metadata.,Author a wholly synthetic fixture; include only the input and minimum scoring reference needed for this scenario. Never copy real user data.,Apply the registered source precedence rule or expose unresolved conflict.
retrieval,source_conflict,ret.conflict.005,Resolve deliberately seeded conflicts between synthetic sources according to source metadata. Variation: one source withdrawn.,Author a wholly synthetic fixture; include only the input and minimum scoring reference needed for this scenario. Never copy real user data.,Apply the registered source precedence rule or expose unresolved conflict.
retrieval,relevance_ranking,ret.rank.001,Rank several synthetic candidates against explicit relevance signals. Variation: exact match versus broad match.,Author a wholly synthetic fixture; include only the input and minimum scoring reference needed for this scenario. Never copy real user data.,Place the best-supported relevant candidate first and avoid ranking distractors as answers.
retrieval,relevance_ranking,ret.rank.002,Rank several synthetic candidates against explicit relevance signals. Variation: recency tie-break.,Author a wholly synthetic fixture; include only the input and minimum scoring reference needed for this scenario. Never copy real user data.,Place the best-supported relevant candidate first and avoid ranking distractors as answers.
retrieval,relevance_ranking,ret.rank.003,Rank several synthetic candidates against explicit relevance signals. Variation: authority tie-break.,Author a wholly synthetic fixture; include only the input and minimum scoring reference needed for this scenario. Never copy real user data.,Place the best-supported relevant candidate first and avoid ranking distractors as answers.
retrieval,relevance_ranking,ret.rank.004,Rank several synthetic candidates against explicit relevance signals. Variation: partial attribute match.,Author a wholly synthetic fixture; include only the input and minimum scoring reference needed for this scenario. Never copy real user data.,Place the best-supported relevant candidate first and avoid ranking distractors as answers.
retrieval,relevance_ranking,ret.rank.005,Rank several synthetic candidates against explicit relevance signals. Variation: irrelevant distractors.,Author a wholly synthetic fixture; include only the input and minimum scoring reference needed for this scenario. Never copy real user data.,Place the best-supported relevant candidate first and avoid ranking distractors as answers.
retrieval,follow_up,ret.followup.001,Resolve a follow-up request using only the allowed synthetic conversation context. Variation: pronoun reference.,Author a wholly synthetic fixture; include only the input and minimum scoring reference needed for this scenario. Never copy real user data.,Resolve only unambiguous references; request clarification when context is insufficient.
retrieval,follow_up,ret.followup.002,Resolve a follow-up request using only the allowed synthetic conversation context. Variation: same topic refinement.,Author a wholly synthetic fixture; include only the input and minimum scoring reference needed for this scenario. Never copy real user data.,Resolve only unambiguous references; request clarification when context is insufficient.
retrieval,follow_up,ret.followup.003,Resolve a follow-up request using only the allowed synthetic conversation context. Variation: request for second result.,Author a wholly synthetic fixture; include only the input and minimum scoring reference needed for this scenario. Never copy real user data.,Resolve only unambiguous references; request clarification when context is insufficient.
retrieval,follow_up,ret.followup.004,Resolve a follow-up request using only the allowed synthetic conversation context. Variation: changed filter.,Author a wholly synthetic fixture; include only the input and minimum scoring reference needed for this scenario. Never copy real user data.,Resolve only unambiguous references; request clarification when context is insufficient.
retrieval,follow_up,ret.followup.005,Resolve a follow-up request using only the allowed synthetic conversation context. Variation: context no longer sufficient.,Author a wholly synthetic fixture; include only the input and minimum scoring reference needed for this scenario. Never copy real user data.,Resolve only unambiguous references; request clarification when context is insufficient.
retrieval,paraphrase_robustness,ret.paraphrase.001,"Retrieve through paraphrase, harmless typos, alternate phrasing, or reordered constraints. Variation: common synonym.",Author a wholly synthetic fixture; include only the input and minimum scoring reference needed for this scenario. Never copy real user data.,Preserve the user’s constraints and retrieve the same supported target.
retrieval,paraphrase_robustness,ret.paraphrase.002,"Retrieve through paraphrase, harmless typos, alternate phrasing, or reordered constraints. Variation: minor typo.",Author a wholly synthetic fixture; include only the input and minimum scoring reference needed for this scenario. Never copy real user data.,Preserve the user’s constraints and retrieve the same supported target.
retrieval,paraphrase_robustness,ret.paraphrase.003,"Retrieve through paraphrase, harmless typos, alternate phrasing, or reordered constraints. Variation: word order change.",Author a wholly synthetic fixture; include only the input and minimum scoring reference needed for this scenario. Never copy real user data.,Preserve the user’s constraints and retrieve the same supported target.
retrieval,paraphrase_robustness,ret.paraphrase.004,"Retrieve through paraphrase, harmless typos, alternate phrasing, or reordered constraints. Variation: informal phrasing.",Author a wholly synthetic fixture; include only the input and minimum scoring reference needed for this scenario. Never copy real user data.,Preserve the user’s constraints and retrieve the same supported target.
retrieval,paraphrase_robustness,ret.paraphrase.005,"Retrieve through paraphrase, harmless typos, alternate phrasing, or reordered constraints. Variation: multiple filters reordered.",Author a wholly synthetic fixture; include only the input and minimum scoring reference needed for this scenario. Never copy real user data.,Preserve the user’s constraints and retrieve the same supported target.
retrieval,version_boundary,ret.version.001,Respect explicit version and date boundaries in synthetic records. Variation: latest version requested.,Author a wholly synthetic fixture; include only the input and minimum scoring reference needed for this scenario. Never copy real user data.,Return the version matching the requested boundary and identify version/date when relevant.
retrieval,version_boundary,ret.version.002,Respect explicit version and date boundaries in synthetic records. Variation: specific older version requested.,Author a wholly synthetic fixture; include only the input and minimum scoring reference needed for this scenario. Never copy real user data.,Return the version matching the requested boundary and identify version/date when relevant.
retrieval,version_boundary,ret.version.003,Respect explicit version and date boundaries in synthetic records. Variation: effective date boundary.,Author a wholly synthetic fixture; include only the input and minimum scoring reference needed for this scenario. Never copy real user data.,Return the version matching the requested boundary and identify version/date when relevant.
retrieval,version_boundary,ret.version.004,Respect explicit version and date boundaries in synthetic records. Variation: future record excluded.,Author a wholly synthetic fixture; include only the input and minimum scoring reference needed for this scenario. Never copy real user data.,Return the version matching the requested boundary and identify version/date when relevant.
retrieval,version_boundary,ret.version.005,Respect explicit version and date boundaries in synthetic records. Variation: superseded record queried.,Author a wholly synthetic fixture; include only the input and minimum scoring reference needed for this scenario. Never copy real user data.,Return the version matching the requested boundary and identify version/date when relevant.
routing,intent_classification,route.intent.001,Classify the primary task from the user’s synthetic request. Variation: information request.,Author a wholly synthetic fixture; include only the input and minimum scoring reference needed for this scenario. Never copy real user data.,Choose the registered route matching the user’s primary intent.
routing,intent_classification,route.intent.002,Classify the primary task from the user’s synthetic request. Variation: summarization request.,Author a wholly synthetic fixture; include only the input and minimum scoring reference needed for this scenario. Never copy real user data.,Choose the registered route matching the user’s primary intent.
routing,intent_classification,route.intent.003,Classify the primary task from the user’s synthetic request. Variation: comparison request.,Author a wholly synthetic fixture; include only the input and minimum scoring reference needed for this scenario. Never copy real user data.,Choose the registered route matching the user’s primary intent.
routing,intent_classification,route.intent.004,Classify the primary task from the user’s synthetic request. Variation: planning request.,Author a wholly synthetic fixture; include only the input and minimum scoring reference needed for this scenario. Never copy real user data.,Choose the registered route matching the user’s primary intent.
routing,intent_classification,route.intent.005,Classify the primary task from the user’s synthetic request. Variation: creation request.,Author a wholly synthetic fixture; include only the input and minimum scoring reference needed for this scenario. Never copy real user data.,Choose the registered route matching the user’s primary intent.
routing,domain_mapping,route.domain.001,Map requests to the appropriate supported ecosystem domain or service. Variation: psychology topic.,Author a wholly synthetic fixture; include only the input and minimum scoring reference needed for this scenario. Never copy real user data.,Route to the best supported domain; do not infer regulated advice or capabilities.
routing,domain_mapping,route.domain.002,Map requests to the appropriate supported ecosystem domain or service. Variation: English/language topic.,Author a wholly synthetic fixture; include only the input and minimum scoring reference needed for this scenario. Never copy real user data.,Route to the best supported domain; do not infer regulated advice or capabilities.
routing,domain_mapping,route.domain.003,Map requests to the appropriate supported ecosystem domain or service. Variation: AI topic.,Author a wholly synthetic fixture; include only the input and minimum scoring reference needed for this scenario. Never copy real user data.,Route to the best supported domain; do not infer regulated advice or capabilities.
routing,domain_mapping,route.domain.004,Map requests to the appropriate supported ecosystem domain or service. Variation: cyber topic.,Author a wholly synthetic fixture; include only the input and minimum scoring reference needed for this scenario. Never copy real user data.,Route to the best supported domain; do not infer regulated advice or capabilities.
routing,domain_mapping,route.domain.005,Map requests to the appropriate supported ecosystem domain or service. Variation: finance or law topic.,Author a wholly synthetic fixture; include only the input and minimum scoring reference needed for this scenario. Never copy real user data.,Route to the best supported domain; do not infer regulated advice or capabilities.
routing,mixed_intent,route.mixed.001,Handle requests that combine compatible intents or require ordered work. Variation: answer then summarize.,Author a wholly synthetic fixture; include only the input and minimum scoring reference needed for this scenario. Never copy real user data.,Preserve all requested tasks and order dependencies correctly.
routing,mixed_intent,route.mixed.002,Handle requests that combine compatible intents or require ordered work. Variation: compare then recommend format.,Author a wholly synthetic fixture; include only the input and minimum scoring reference needed for this scenario. Never copy real user data.,Preserve all requested tasks and order dependencies correctly.
routing,mixed_intent,route.mixed.003,Handle requests that combine compatible intents or require ordered work. Variation: lookup then explain.,Author a wholly synthetic fixture; include only the input and minimum scoring reference needed for this scenario. Never copy real user data.,Preserve all requested tasks and order dependencies correctly.
routing,mixed_intent,route.mixed.004,Handle requests that combine compatible intents or require ordered work. Variation: two independent tasks.,Author a wholly synthetic fixture; include only the input and minimum scoring reference needed for this scenario. Never copy real user data.,Preserve all requested tasks and order dependencies correctly.
routing,mixed_intent,route.mixed.005,Handle requests that combine compatible intents or require ordered work. Variation: dependent subtasks.,Author a wholly synthetic fixture; include only the input and minimum scoring reference needed for this scenario. Never copy real user data.,Preserve all requested tasks and order dependencies correctly.
routing,capability_boundary,route.capability.001,"Recognize requests that require unavailable tools, data, or permissions. Variation: missing data source.",Author a wholly synthetic fixture; include only the input and minimum scoring reference needed for this scenario. Never copy real user data.,Do not claim completion; explain the missing capability or select a permitted alternative.
routing,capability_boundary,route.capability.002,"Recognize requests that require unavailable tools, data, or permissions. Variation: unavailable external action.",Author a wholly synthetic fixture; include only the input and minimum scoring reference needed for this scenario. Never copy real user data.,Do not claim completion; explain the missing capability or select a permitted alternative.
routing,capability_boundary,route.capability.003,"Recognize requests that require unavailable tools, data, or permissions. Variation: permission required.",Author a wholly synthetic fixture; include only the input and minimum scoring reference needed for this scenario. Never copy real user data.,Do not claim completion; explain the missing capability or select a permitted alternative.
routing,capability_boundary,route.capability.004,"Recognize requests that require unavailable tools, data, or permissions. Variation: unsupported media operation.",Author a wholly synthetic fixture; include only the input and minimum scoring reference needed for this scenario. Never copy real user data.,Do not claim completion; explain the missing capability or select a permitted alternative.
routing,capability_boundary,route.capability.005,"Recognize requests that require unavailable tools, data, or permissions. Variation: capability claim check.",Author a wholly synthetic fixture; include only the input and minimum scoring reference needed for this scenario. Never copy real user data.,Do not claim completion; explain the missing capability or select a permitted alternative.
routing,clarification_route,route.clarify.001,Choose clarification when the request lacks details needed for safe or correct routing. Variation: missing target.,Author a wholly synthetic fixture; include only the input and minimum scoring reference needed for this scenario. Never copy real user data.,Ask the smallest question that resolves the routing ambiguity.
routing,clarification_route,route.clarify.002,Choose clarification when the request lacks details needed for safe or correct routing. Variation: ambiguous action.,Author a wholly synthetic fixture; include only the input and minimum scoring reference needed for this scenario. Never copy real user data.,Ask the smallest question that resolves the routing ambiguity.
routing,clarification_route,route.clarify.003,Choose clarification when the request lacks details needed for safe or correct routing. Variation: conflicting constraints.,Author a wholly synthetic fixture; include only the input and minimum scoring reference needed for this scenario. Never copy real user data.,Ask the smallest question that resolves the routing ambiguity.
routing,clarification_route,route.clarify.004,Choose clarification when the request lacks details needed for safe or correct routing. Variation: unknown audience.,Author a wholly synthetic fixture; include only the input and minimum scoring reference needed for this scenario. Never copy real user data.,Ask the smallest question that resolves the routing ambiguity.
routing,clarification_route,route.clarify.005,Choose clarification when the request lacks details needed for safe or correct routing. Variation: underspecified destination.,Author a wholly synthetic fixture; include only the input and minimum scoring reference needed for this scenario. Never copy real user data.,Ask the smallest question that resolves the routing ambiguity.
routing,action_type,route.action.001,Distinguish informational requests from requested changes or external actions. Variation: explain only.,Author a wholly synthetic fixture; include only the input and minimum scoring reference needed for this scenario. Never copy real user data.,Select the route matching the requested action and its authorization boundary.
routing,action_type,route.action.002,Distinguish informational requests from requested changes or external actions. Variation: draft content.,Author a wholly synthetic fixture; include only the input and minimum scoring reference needed for this scenario. Never copy real user data.,Select the route matching the requested action and its authorization boundary.
routing,action_type,route.action.003,Distinguish informational requests from requested changes or external actions. Variation: edit local artifact.,Author a wholly synthetic fixture; include only the input and minimum scoring reference needed for this scenario. Never copy real user data.,Select the route matching the requested action and its authorization boundary.
routing,action_type,route.action.004,Distinguish informational requests from requested changes or external actions. Variation: external send request.,Author a wholly synthetic fixture; include only the input and minimum scoring reference needed for this scenario. Never copy real user data.,Select the route matching the requested action and its authorization boundary.
routing,action_type,route.action.005,Distinguish informational requests from requested changes or external actions. Variation: deployment request.,Author a wholly synthetic fixture; include only the input and minimum scoring reference needed for this scenario. Never copy real user data.,Select the route matching the requested action and its authorization boundary.
routing,priority_order,route.priority.001,Route multi-part requests while preserving explicit priorities and prerequisites. Variation: explicit first step.,Author a wholly synthetic fixture; include only the input and minimum scoring reference needed for this scenario. Never copy real user data.,Honor stated ordering and defer only tasks blocked by a real prerequisite.
routing,priority_order,route.priority.002,Route multi-part requests while preserving explicit priorities and prerequisites. Variation: deadline constraint.,Author a wholly synthetic fixture; include only the input and minimum scoring reference needed for this scenario. Never copy real user data.,Honor stated ordering and defer only tasks blocked by a real prerequisite.
routing,priority_order,route.priority.003,Route multi-part requests while preserving explicit priorities and prerequisites. Variation: approval prerequisite.,Author a wholly synthetic fixture; include only the input and minimum scoring reference needed for this scenario. Never copy real user data.,Honor stated ordering and defer only tasks blocked by a real prerequisite.
routing,priority_order,route.priority.004,Route multi-part requests while preserving explicit priorities and prerequisites. Variation: independent parallel tasks.,Author a wholly synthetic fixture; include only the input and minimum scoring reference needed for this scenario. Never copy real user data.,Honor stated ordering and defer only tasks blocked by a real prerequisite.
routing,priority_order,route.priority.005,Route multi-part requests while preserving explicit priorities and prerequisites. Variation: blocked dependent task.,Author a wholly synthetic fixture; include only the input and minimum scoring reference needed for this scenario. Never copy real user data.,Honor stated ordering and defer only tasks blocked by a real prerequisite.
routing,continuity,route.continuity.001,Use relevant synthetic conversation state to resolve short follow-up instructions. Variation: continue previous task.,Author a wholly synthetic fixture; include only the input and minimum scoring reference needed for this scenario. Never copy real user data.,Continue the active task when the reference is clear; disambiguate when it is not.
routing,continuity,route.continuity.002,Use relevant synthetic conversation state to resolve short follow-up instructions. Variation: revise prior output.,Author a wholly synthetic fixture; include only the input and minimum scoring reference needed for this scenario. Never copy real user data.,Continue the active task when the reference is clear; disambiguate when it is not.
routing,continuity,route.continuity.003,Use relevant synthetic conversation state to resolve short follow-up instructions. Variation: same constraints.,Author a wholly synthetic fixture; include only the input and minimum scoring reference needed for this scenario. Never copy real user data.,Continue the active task when the reference is clear; disambiguate when it is not.
routing,continuity,route.continuity.004,Use relevant synthetic conversation state to resolve short follow-up instructions. Variation: new incompatible objective.,Author a wholly synthetic fixture; include only the input and minimum scoring reference needed for this scenario. Never copy real user data.,Continue the active task when the reference is clear; disambiguate when it is not.
routing,continuity,route.continuity.005,Use relevant synthetic conversation state to resolve short follow-up instructions. Variation: missing reference.,Author a wholly synthetic fixture; include only the input and minimum scoring reference needed for this scenario. Never copy real user data.,Continue the active task when the reference is clear; disambiguate when it is not.
routing,handoff_boundary,route.handoff.001,Identify when a task needs a human decision or a specialized owner review. Variation: policy exception request.,Author a wholly synthetic fixture; include only the input and minimum scoring reference needed for this scenario. Never copy real user data.,Route to the appropriate review step without implying the decision has already been made.
routing,handoff_boundary,route.handoff.002,Identify when a task needs a human decision or a specialized owner review. Variation: approval required.,Author a wholly synthetic fixture; include only the input and minimum scoring reference needed for this scenario. Never copy real user data.,Route to the appropriate review step without implying the decision has already been made.
routing,handoff_boundary,route.handoff.003,Identify when a task needs a human decision or a specialized owner review. Variation: ambiguous ownership.,Author a wholly synthetic fixture; include only the input and minimum scoring reference needed for this scenario. Never copy real user data.,Route to the appropriate review step without implying the decision has already been made.
routing,handoff_boundary,route.handoff.004,Identify when a task needs a human decision or a specialized owner review. Variation: high-impact change.,Author a wholly synthetic fixture; include only the input and minimum scoring reference needed for this scenario. Never copy real user data.,Route to the appropriate review step without implying the decision has already been made.
routing,handoff_boundary,route.handoff.005,Identify when a task needs a human decision or a specialized owner review. Variation: release review.,Author a wholly synthetic fixture; include only the input and minimum scoring reference needed for this scenario. Never copy real user data.,Route to the appropriate review step without implying the decision has already been made.
routing,robustness,route.robust.001,"Handle malformed, noisy, conflicting, or adversarially worded synthetic routing inputs. Variation: extra irrelevant detail.",Author a wholly synthetic fixture; include only the input and minimum scoring reference needed for this scenario. Never copy real user data.,Route based on the actual user intent and valid constraints; ignore quoted/inert noise.
routing,robustness,route.robust.002,"Handle malformed, noisy, conflicting, or adversarially worded synthetic routing inputs. Variation: typo-heavy request.",Author a wholly synthetic fixture; include only the input and minimum scoring reference needed for this scenario. Never copy real user data.,Route based on the actual user intent and valid constraints; ignore quoted/inert noise.
routing,robustness,route.robust.003,"Handle malformed, noisy, conflicting, or adversarially worded synthetic routing inputs. Variation: contradictory instructions.",Author a wholly synthetic fixture; include only the input and minimum scoring reference needed for this scenario. Never copy real user data.,Route based on the actual user intent and valid constraints; ignore quoted/inert noise.
routing,robustness,route.robust.004,"Handle malformed, noisy, conflicting, or adversarially worded synthetic routing inputs. Variation: quoted instruction text.",Author a wholly synthetic fixture; include only the input and minimum scoring reference needed for this scenario. Never copy real user data.,Route based on the actual user intent and valid constraints; ignore quoted/inert noise.
routing,robustness,route.robust.005,"Handle malformed, noisy, conflicting, or adversarially worded synthetic routing inputs. Variation: repeated request.",Author a wholly synthetic fixture; include only the input and minimum scoring reference needed for this scenario. Never copy real user data.,Route based on the actual user intent and valid constraints; ignore quoted/inert noise.
response_style,conciseness,style.concise.001,Match a requested short answer while retaining the essential information. Variation: one-sentence request.,Author a wholly synthetic fixture; include only the input and minimum scoring reference needed for this scenario. Never copy real user data.,Meet the requested length without omitting the direct answer.
response_style,conciseness,style.concise.002,Match a requested short answer while retaining the essential information. Variation: brief status.,Author a wholly synthetic fixture; include only the input and minimum scoring reference needed for this scenario. Never copy real user data.,Meet the requested length without omitting the direct answer.
response_style,conciseness,style.concise.003,Match a requested short answer while retaining the essential information. Variation: short definition.,Author a wholly synthetic fixture; include only the input and minimum scoring reference needed for this scenario. Never copy real user data.,Meet the requested length without omitting the direct answer.
response_style,conciseness,style.concise.004,Match a requested short answer while retaining the essential information. Variation: compact next step.,Author a wholly synthetic fixture; include only the input and minimum scoring reference needed for this scenario. Never copy real user data.,Meet the requested length without omitting the direct answer.
response_style,conciseness,style.concise.005,Match a requested short answer while retaining the essential information. Variation: answer with one key caveat.,Author a wholly synthetic fixture; include only the input and minimum scoring reference needed for this scenario. Never copy real user data.,Meet the requested length without omitting the direct answer.
response_style,detail_calibration,style.detail.001,Adjust explanation depth to the user’s stated needs and task complexity. Variation: simple concept.,Author a wholly synthetic fixture; include only the input and minimum scoring reference needed for this scenario. Never copy real user data.,Provide enough detail for the request without irrelevant expansion.
response_style,detail_calibration,style.detail.002,Adjust explanation depth to the user’s stated needs and task complexity. Variation: technical explanation.,Author a wholly synthetic fixture; include only the input and minimum scoring reference needed for this scenario. Never copy real user data.,Provide enough detail for the request without irrelevant expansion.
response_style,detail_calibration,style.detail.003,Adjust explanation depth to the user’s stated needs and task complexity. Variation: step-by-step request.,Author a wholly synthetic fixture; include only the input and minimum scoring reference needed for this scenario. Never copy real user data.,Provide enough detail for the request without irrelevant expansion.
response_style,detail_calibration,style.detail.004,Adjust explanation depth to the user’s stated needs and task complexity. Variation: executive summary.,Author a wholly synthetic fixture; include only the input and minimum scoring reference needed for this scenario. Never copy real user data.,Provide enough detail for the request without irrelevant expansion.
response_style,detail_calibration,style.detail.005,Adjust explanation depth to the user’s stated needs and task complexity. Variation: deep analysis request.,Author a wholly synthetic fixture; include only the input and minimum scoring reference needed for this scenario. Never copy real user data.,Provide enough detail for the request without irrelevant expansion.
response_style,structure,style.structure.001,Choose a readable structure suited to the response content. Variation: ordered procedure.,Author a wholly synthetic fixture; include only the input and minimum scoring reference needed for this scenario. Never copy real user data.,Use a structure that makes the information easy to scan and act on.
response_style,structure,style.structure.002,Choose a readable structure suited to the response content. Variation: side-by-side comparison.,Author a wholly synthetic fixture; include only the input and minimum scoring reference needed for this scenario. Never copy real user data.,Use a structure that makes the information easy to scan and act on.
response_style,structure,style.structure.003,Choose a readable structure suited to the response content. Variation: small checklist.,Author a wholly synthetic fixture; include only the input and minimum scoring reference needed for this scenario. Never copy real user data.,Use a structure that makes the information easy to scan and act on.
response_style,structure,style.structure.004,Choose a readable structure suited to the response content. Variation: short narrative.,Author a wholly synthetic fixture; include only the input and minimum scoring reference needed for this scenario. Never copy real user data.,Use a structure that makes the information easy to scan and act on.
response_style,structure,style.structure.005,Choose a readable structure suited to the response content. Variation: decision summary.,Author a wholly synthetic fixture; include only the input and minimum scoring reference needed for this scenario. Never copy real user data.,Use a structure that makes the information easy to scan and act on.
response_style,tone_register,style.tone.001,Adapt tone to a synthetic audience and context while remaining clear and respectful. Variation: professional update.,Author a wholly synthetic fixture; include only the input and minimum scoring reference needed for this scenario. Never copy real user data.,"Match the requested register without flattery, pressure, or condescension."
response_style,tone_register,style.tone.002,Adapt tone to a synthetic audience and context while remaining clear and respectful. Variation: warm support.,Author a wholly synthetic fixture; include only the input and minimum scoring reference needed for this scenario. Never copy real user data.,"Match the requested register without flattery, pressure, or condescension."
response_style,tone_register,style.tone.003,Adapt tone to a synthetic audience and context while remaining clear and respectful. Variation: neutral factual answer.,Author a wholly synthetic fixture; include only the input and minimum scoring reference needed for this scenario. Never copy real user data.,"Match the requested register without flattery, pressure, or condescension."
response_style,tone_register,style.tone.004,Adapt tone to a synthetic audience and context while remaining clear and respectful. Variation: confident recommendation.,Author a wholly synthetic fixture; include only the input and minimum scoring reference needed for this scenario. Never copy real user data.,"Match the requested register without flattery, pressure, or condescension."
response_style,tone_register,style.tone.005,Adapt tone to a synthetic audience and context while remaining clear and respectful. Variation: sensitive correction.,Author a wholly synthetic fixture; include only the input and minimum scoring reference needed for this scenario. Never copy real user data.,"Match the requested register without flattery, pressure, or condescension."
response_style,plain_language,style.plain.001,Explain specialized terms in accessible language. Variation: define acronym.,Author a wholly synthetic fixture; include only the input and minimum scoring reference needed for this scenario. Never copy real user data.,Preserve accuracy and explain terms the intended audience may not know.
response_style,plain_language,style.plain.002,Explain specialized terms in accessible language. Variation: translate jargon.,Author a wholly synthetic fixture; include only the input and minimum scoring reference needed for this scenario. Never copy real user data.,Preserve accuracy and explain terms the intended audience may not know.
response_style,plain_language,style.plain.003,Explain specialized terms in accessible language. Variation: technical term in context.,Author a wholly synthetic fixture; include only the input and minimum scoring reference needed for this scenario. Never copy real user data.,Preserve accuracy and explain terms the intended audience may not know.
response_style,plain_language,style.plain.004,Explain specialized terms in accessible language. Variation: plain-language rewrite.,Author a wholly synthetic fixture; include only the input and minimum scoring reference needed for this scenario. Never copy real user data.,Preserve accuracy and explain terms the intended audience may not know.
response_style,plain_language,style.plain.005,Explain specialized terms in accessible language. Variation: expert term plus short gloss.,Author a wholly synthetic fixture; include only the input and minimum scoring reference needed for this scenario. Never copy real user data.,Preserve accuracy and explain terms the intended audience may not know.
response_style,accessibility,style.access.001,Make text easier to follow for varied reading and attention needs. Variation: short paragraphs.,Author a wholly synthetic fixture; include only the input and minimum scoring reference needed for this scenario. Never copy real user data.,Use direct wording and readable formatting without changing meaning.
response_style,accessibility,style.access.002,Make text easier to follow for varied reading and attention needs. Variation: numbered instructions.,Author a wholly synthetic fixture; include only the input and minimum scoring reference needed for this scenario. Never copy real user data.,Use direct wording and readable formatting without changing meaning.
response_style,accessibility,style.access.003,Make text easier to follow for varied reading and attention needs. Variation: avoid dense clauses.,Author a wholly synthetic fixture; include only the input and minimum scoring reference needed for this scenario. Never copy real user data.,Use direct wording and readable formatting without changing meaning.
response_style,accessibility,style.access.004,Make text easier to follow for varied reading and attention needs. Variation: expand abbreviation.,Author a wholly synthetic fixture; include only the input and minimum scoring reference needed for this scenario. Never copy real user data.,Use direct wording and readable formatting without changing meaning.
response_style,accessibility,style.access.005,Make text easier to follow for varied reading and attention needs. Variation: clear action labels.,Author a wholly synthetic fixture; include only the input and minimum scoring reference needed for this scenario. Never copy real user data.,Use direct wording and readable formatting without changing meaning.
response_style,uncertainty,style.uncertain.001,Express uncertainty and evidence limits accurately. Variation: partial evidence.,Author a wholly synthetic fixture; include only the input and minimum scoring reference needed for this scenario. Never copy real user data.,Separate known facts from inference and avoid invented certainty.
response_style,uncertainty,style.uncertain.002,Express uncertainty and evidence limits accurately. Variation: estimate requested.,Author a wholly synthetic fixture; include only the input and minimum scoring reference needed for this scenario. Never copy real user data.,Separate known facts from inference and avoid invented certainty.
response_style,uncertainty,style.uncertain.003,Express uncertainty and evidence limits accurately. Variation: source conflict noted.,Author a wholly synthetic fixture; include only the input and minimum scoring reference needed for this scenario. Never copy real user data.,Separate known facts from inference and avoid invented certainty.
response_style,uncertainty,style.uncertain.004,Express uncertainty and evidence limits accurately. Variation: unknown detail.,Author a wholly synthetic fixture; include only the input and minimum scoring reference needed for this scenario. Never copy real user data.,Separate known facts from inference and avoid invented certainty.
response_style,uncertainty,style.uncertain.005,Express uncertainty and evidence limits accurately. Variation: confidence distinction.,Author a wholly synthetic fixture; include only the input and minimum scoring reference needed for this scenario. Never copy real user data.,Separate known facts from inference and avoid invented certainty.
response_style,clarifying_response,style.clarifying.001,Ask focused questions when a useful response depends on missing user preferences. Variation: missing format.,Author a wholly synthetic fixture; include only the input and minimum scoring reference needed for this scenario. Never copy real user data.,Ask only for the detail that materially changes the answer.
response_style,clarifying_response,style.clarifying.002,Ask focused questions when a useful response depends on missing user preferences. Variation: unclear audience.,Author a wholly synthetic fixture; include only the input and minimum scoring reference needed for this scenario. Never copy real user data.,Ask only for the detail that materially changes the answer.
response_style,clarifying_response,style.clarifying.003,Ask focused questions when a useful response depends on missing user preferences. Variation: ambiguous term.,Author a wholly synthetic fixture; include only the input and minimum scoring reference needed for this scenario. Never copy real user data.,Ask only for the detail that materially changes the answer.
response_style,clarifying_response,style.clarifying.004,Ask focused questions when a useful response depends on missing user preferences. Variation: two valid options.,Author a wholly synthetic fixture; include only the input and minimum scoring reference needed for this scenario. Never copy real user data.,Ask only for the detail that materially changes the answer.
response_style,clarifying_response,style.clarifying.005,Ask focused questions when a useful response depends on missing user preferences. Variation: insufficient context.,Author a wholly synthetic fixture; include only the input and minimum scoring reference needed for this scenario. Never copy real user data.,Ask only for the detail that materially changes the answer.
response_style,continuity_style,style.continuity.001,Maintain relevant constraints and terminology across a synthetic multi-turn exchange. Variation: preserve chosen terminology.,Author a wholly synthetic fixture; include only the input and minimum scoring reference needed for this scenario. Never copy real user data.,Honor established constraints and incorporate the latest correction.
response_style,continuity_style,style.continuity.002,Maintain relevant constraints and terminology across a synthetic multi-turn exchange. Variation: carry length limit.,Author a wholly synthetic fixture; include only the input and minimum scoring reference needed for this scenario. Never copy real user data.,Honor established constraints and incorporate the latest correction.
response_style,continuity_style,style.continuity.003,Maintain relevant constraints and terminology across a synthetic multi-turn exchange. Variation: retain audience.,Author a wholly synthetic fixture; include only the input and minimum scoring reference needed for this scenario. Never copy real user data.,Honor established constraints and incorporate the latest correction.
response_style,continuity_style,style.continuity.004,Maintain relevant constraints and terminology across a synthetic multi-turn exchange. Variation: apply correction.,Author a wholly synthetic fixture; include only the input and minimum scoring reference needed for this scenario. Never copy real user data.,Honor established constraints and incorporate the latest correction.
response_style,continuity_style,style.continuity.005,Maintain relevant constraints and terminology across a synthetic multi-turn exchange. Variation: avoid repeating settled detail.,Author a wholly synthetic fixture; include only the input and minimum scoring reference needed for this scenario. Never copy real user data.,Honor established constraints and incorporate the latest correction.
response_style,repair_and_correction,style.repair.001,Respond constructively when correcting a prior error or acknowledging a limitation. Variation: factual correction.,Author a wholly synthetic fixture; include only the input and minimum scoring reference needed for this scenario. Never copy real user data.,"State the correction plainly, give the corrected information, and continue the task."
response_style,repair_and_correction,style.repair.002,Respond constructively when correcting a prior error or acknowledging a limitation. Variation: missed requirement.,Author a wholly synthetic fixture; include only the input and minimum scoring reference needed for this scenario. Never copy real user data.,"State the correction plainly, give the corrected information, and continue the task."
response_style,repair_and_correction,style.repair.003,Respond constructively when correcting a prior error or acknowledging a limitation. Variation: broken assumption.,Author a wholly synthetic fixture; include only the input and minimum scoring reference needed for this scenario. Never copy real user data.,"State the correction plainly, give the corrected information, and continue the task."
response_style,repair_and_correction,style.repair.004,Respond constructively when correcting a prior error or acknowledging a limitation. Variation: incomplete result.,Author a wholly synthetic fixture; include only the input and minimum scoring reference needed for this scenario. Never copy real user data.,"State the correction plainly, give the corrected information, and continue the task."
response_style,repair_and_correction,style.repair.005,Respond constructively when correcting a prior error or acknowledging a limitation. Variation: explain changed conclusion.,Author a wholly synthetic fixture; include only the input and minimum scoring reference needed for this scenario. Never copy real user data.,"State the correction plainly, give the corrected information, and continue the task."
retrieval,direct_lookup,ret.extra.001,Find a clearly specified item or fact from an approved synthetic knowledge collection. Variation: exact term. Additional synthetic variation 01.,Synthetic fixture generated from the approved use-case matrix; contains no real user data.,Return the matching synthetic reference; do not add unsupported facts.
retrieval,direct_lookup,ret.extra.002,Find a clearly specified item or fact from an approved synthetic knowledge collection. Variation: requested time window. Additional synthetic variation 02.,Synthetic fixture generated from the approved use-case matrix; contains no real user data.,Return the matching synthetic reference; do not add unsupported facts.
retrieval,direct_lookup,ret.extra.003,Find a clearly specified item or fact from an approved synthetic knowledge collection. Variation: specified source. Additional synthetic variation 03.,Synthetic fixture generated from the approved use-case matrix; contains no real user data.,Return the matching synthetic reference; do not add unsupported facts.
retrieval,direct_lookup,ret.extra.004,Find a clearly specified item or fact from an approved synthetic knowledge collection. Variation: requested output shape. Additional synthetic variation 04.,Synthetic fixture generated from the approved use-case matrix; contains no real user data.,Return the matching synthetic reference; do not add unsupported facts.
retrieval,direct_lookup,ret.extra.005,Find a clearly specified item or fact from an approved synthetic knowledge collection. Variation: single known item. Additional synthetic variation 05.,Synthetic fixture generated from the approved use-case matrix; contains no real user data.,Return the matching synthetic reference; do not add unsupported facts.
retrieval,entity_disambiguation,ret.extra.006,"Distinguish between similar synthetic names, products, concepts, or records. Variation: shared name. Additional synthetic variation 06.",Synthetic fixture generated from the approved use-case matrix; contains no real user data.,Select only when the distinguishing evidence is sufficient; otherwise ask a focused question.
retrieval,entity_disambiguation,ret.extra.007,"Distinguish between similar synthetic names, products, concepts, or records. Variation: near-matching title. Additional synthetic variation 07.",Synthetic fixture generated from the approved use-case matrix; contains no real user data.,Select only when the distinguishing evidence is sufficient; otherwise ask a focused question.
retrieval,entity_disambiguation,ret.extra.008,"Distinguish between similar synthetic names, products, concepts, or records. Variation: same acronym. Additional synthetic variation 08.",Synthetic fixture generated from the approved use-case matrix; contains no real user data.,Select only when the distinguishing evidence is sufficient; otherwise ask a focused question.
retrieval,entity_disambiguation,ret.extra.009,"Distinguish between similar synthetic names, products, concepts, or records. Variation: two similar records. Additional synthetic variation 09.",Synthetic fixture generated from the approved use-case matrix; contains no real user data.,Select only when the distinguishing evidence is sufficient; otherwise ask a focused question.
retrieval,entity_disambiguation,ret.extra.010,"Distinguish between similar synthetic names, products, concepts, or records. Variation: missing discriminator. Additional synthetic variation 10.",Synthetic fixture generated from the approved use-case matrix; contains no real user data.,Select only when the distinguishing evidence is sufficient; otherwise ask a focused question.
retrieval,multi_hop,ret.extra.011,Retrieve an answer requiring two or more linked synthetic records. Variation: two linked records. Additional synthetic variation 11.,Synthetic fixture generated from the approved use-case matrix; contains no real user data.,Use only supported links and identify uncertainty when a required link is absent.
retrieval,multi_hop,ret.extra.012,Retrieve an answer requiring two or more linked synthetic records. Variation: three linked records. Additional synthetic variation 12.,Synthetic fixture generated from the approved use-case matrix; contains no real user data.,Use only supported links and identify uncertainty when a required link is absent.
retrieval,multi_hop,ret.extra.013,Retrieve an answer requiring two or more linked synthetic records. Variation: relationship plus attribute. Additional synthetic variation 13.,Synthetic fixture generated from the approved use-case matrix; contains no real user data.,Use only supported links and identify uncertainty when a required link is absent.
retrieval,multi_hop,ret.extra.014,Retrieve an answer requiring two or more linked synthetic records. Variation: ordered chain. Additional synthetic variation 14.,Synthetic fixture generated from the approved use-case matrix; contains no real user data.,Use only supported links and identify uncertainty when a required link is absent.
retrieval,multi_hop,ret.extra.015,Retrieve an answer requiring two or more linked synthetic records. Variation: one missing link. Additional synthetic variation 15.,Synthetic fixture generated from the approved use-case matrix; contains no real user data.,Use only supported links and identify uncertainty when a required link is absent.
retrieval,query_ambiguity,ret.extra.016,Handle underspecified searches without silently choosing an unsupported interpretation. Variation: ambiguous noun. Additional synthetic variation 16.,Synthetic fixture generated from the approved use-case matrix; contains no real user data.,Ask a concise clarification or return clearly separated interpretations.
retrieval,query_ambiguity,ret.extra.017,Handle underspecified searches without silently choosing an unsupported interpretation. Variation: unclear timeframe. Additional synthetic variation 17.,Synthetic fixture generated from the approved use-case matrix; contains no real user data.,Ask a concise clarification or return clearly separated interpretations.
routing,intent_classification,route.extra.001,Classify the primary task from the user’s synthetic request. Variation: information request. Additional synthetic variation 01.,Synthetic fixture generated from the approved use-case matrix; contains no real user data.,Choose the registered route matching the user’s primary intent.
routing,intent_classification,route.extra.002,Classify the primary task from the user’s synthetic request. Variation: summarization request. Additional synthetic variation 02.,Synthetic fixture generated from the approved use-case matrix; contains no real user data.,Choose the registered route matching the user’s primary intent.
routing,intent_classification,route.extra.003,Classify the primary task from the user’s synthetic request. Variation: comparison request. Additional synthetic variation 03.,Synthetic fixture generated from the approved use-case matrix; contains no real user data.,Choose the registered route matching the user’s primary intent.
routing,intent_classification,route.extra.004,Classify the primary task from the user’s synthetic request. Variation: planning request. Additional synthetic variation 04.,Synthetic fixture generated from the approved use-case matrix; contains no real user data.,Choose the registered route matching the user’s primary intent.
routing,intent_classification,route.extra.005,Classify the primary task from the user’s synthetic request. Variation: creation request. Additional synthetic variation 05.,Synthetic fixture generated from the approved use-case matrix; contains no real user data.,Choose the registered route matching the user’s primary intent.
routing,domain_mapping,route.extra.006,Map requests to the appropriate supported ecosystem domain or service. Variation: psychology topic. Additional synthetic variation 06.,Synthetic fixture generated from the approved use-case matrix; contains no real user data.,Route to the best supported domain; do not infer regulated advice or capabilities.
routing,domain_mapping,route.extra.007,Map requests to the appropriate supported ecosystem domain or service. Variation: English/language topic. Additional synthetic variation 07.,Synthetic fixture generated from the approved use-case matrix; contains no real user data.,Route to the best supported domain; do not infer regulated advice or capabilities.
routing,domain_mapping,route.extra.008,Map requests to the appropriate supported ecosystem domain or service. Variation: AI topic. Additional synthetic variation 08.,Synthetic fixture generated from the approved use-case matrix; contains no real user data.,Route to the best supported domain; do not infer regulated advice or capabilities.
routing,domain_mapping,route.extra.009,Map requests to the appropriate supported ecosystem domain or service. Variation: cyber topic. Additional synthetic variation 09.,Synthetic fixture generated from the approved use-case matrix; contains no real user data.,Route to the best supported domain; do not infer regulated advice or capabilities.
routing,domain_mapping,route.extra.010,Map requests to the appropriate supported ecosystem domain or service. Variation: finance or law topic. Additional synthetic variation 10.,Synthetic fixture generated from the approved use-case matrix; contains no real user data.,Route to the best supported domain; do not infer regulated advice or capabilities.
routing,mixed_intent,route.extra.011,Handle requests that combine compatible intents or require ordered work. Variation: answer then summarize. Additional synthetic variation 11.,Synthetic fixture generated from the approved use-case matrix; contains no real user data.,Preserve all requested tasks and order dependencies correctly.
routing,mixed_intent,route.extra.012,Handle requests that combine compatible intents or require ordered work. Variation: compare then recommend format. Additional synthetic variation 12.,Synthetic fixture generated from the approved use-case matrix; contains no real user data.,Preserve all requested tasks and order dependencies correctly.
routing,mixed_intent,route.extra.013,Handle requests that combine compatible intents or require ordered work. Variation: lookup then explain. Additional synthetic variation 13.,Synthetic fixture generated from the approved use-case matrix; contains no real user data.,Preserve all requested tasks and order dependencies correctly.
routing,mixed_intent,route.extra.014,Handle requests that combine compatible intents or require ordered work. Variation: two independent tasks. Additional synthetic variation 14.,Synthetic fixture generated from the approved use-case matrix; contains no real user data.,Preserve all requested tasks and order dependencies correctly.
routing,mixed_intent,route.extra.015,Handle requests that combine compatible intents or require ordered work. Variation: dependent subtasks. Additional synthetic variation 15.,Synthetic fixture generated from the approved use-case matrix; contains no real user data.,Preserve all requested tasks and order dependencies correctly.
routing,capability_boundary,route.extra.016,"Recognize requests that require unavailable tools, data, or permissions. Variation: missing data source. Additional synthetic variation 16.",Synthetic fixture generated from the approved use-case matrix; contains no real user data.,Do not claim completion; explain the missing capability or select a permitted alternative.
routing,capability_boundary,route.extra.017,"Recognize requests that require unavailable tools, data, or permissions. Variation: unavailable external action. Additional synthetic variation 17.",Synthetic fixture generated from the approved use-case matrix; contains no real user data.,Do not claim completion; explain the missing capability or select a permitted alternative.
response_style,conciseness,style.extra.001,Match a requested short answer while retaining the essential information. Variation: one-sentence request. Additional synthetic variation 01.,Synthetic fixture generated from the approved use-case matrix; contains no real user data.,Meet the requested length without omitting the direct answer.
response_style,conciseness,style.extra.002,Match a requested short answer while retaining the essential information. Variation: brief status. Additional synthetic variation 02.,Synthetic fixture generated from the approved use-case matrix; contains no real user data.,Meet the requested length without omitting the direct answer.
response_style,conciseness,style.extra.003,Match a requested short answer while retaining the essential information. Variation: short definition. Additional synthetic variation 03.,Synthetic fixture generated from the approved use-case matrix; contains no real user data.,Meet the requested length without omitting the direct answer.
response_style,conciseness,style.extra.004,Match a requested short answer while retaining the essential information. Variation: compact next step. Additional synthetic variation 04.,Synthetic fixture generated from the approved use-case matrix; contains no real user data.,Meet the requested length without omitting the direct answer.
response_style,conciseness,style.extra.005,Match a requested short answer while retaining the essential information. Variation: answer with one key caveat. Additional synthetic variation 05.,Synthetic fixture generated from the approved use-case matrix; contains no real user data.,Meet the requested length without omitting the direct answer.
response_style,detail_calibration,style.extra.006,Adjust explanation depth to the user’s stated needs and task complexity. Variation: simple concept. Additional synthetic variation 06.,Synthetic fixture generated from the approved use-case matrix; contains no real user data.,Provide enough detail for the request without irrelevant expansion.
response_style,detail_calibration,style.extra.007,Adjust explanation depth to the user’s stated needs and task complexity. Variation: technical explanation. Additional synthetic variation 07.,Synthetic fixture generated from the approved use-case matrix; contains no real user data.,Provide enough detail for the request without irrelevant expansion.
response_style,detail_calibration,style.extra.008,Adjust explanation depth to the user’s stated needs and task complexity. Variation: step-by-step request. Additional synthetic variation 08.,Synthetic fixture generated from the approved use-case matrix; contains no real user data.,Provide enough detail for the request without irrelevant expansion.
response_style,detail_calibration,style.extra.009,Adjust explanation depth to the user’s stated needs and task complexity. Variation: executive summary. Additional synthetic variation 09.,Synthetic fixture generated from the approved use-case matrix; contains no real user data.,Provide enough detail for the request without irrelevant expansion.
response_style,detail_calibration,style.extra.010,Adjust explanation depth to the user’s stated needs and task complexity. Variation: deep analysis request. Additional synthetic variation 10.,Synthetic fixture generated from the approved use-case matrix; contains no real user data.,Provide enough detail for the request without irrelevant expansion.
response_style,structure,style.extra.011,Choose a readable structure suited to the response content. Variation: ordered procedure. Additional synthetic variation 11.,Synthetic fixture generated from the approved use-case matrix; contains no real user data.,Use a structure that makes the information easy to scan and act on.
response_style,structure,style.extra.012,Choose a readable structure suited to the response content. Variation: side-by-side comparison. Additional synthetic variation 12.,Synthetic fixture generated from the approved use-case matrix; contains no real user data.,Use a structure that makes the information easy to scan and act on.
response_style,structure,style.extra.013,Choose a readable structure suited to the response content. Variation: small checklist. Additional synthetic variation 13.,Synthetic fixture generated from the approved use-case matrix; contains no real user data.,Use a structure that makes the information easy to scan and act on.
response_style,structure,style.extra.014,Choose a readable structure suited to the response content. Variation: short narrative. Additional synthetic variation 14.,Synthetic fixture generated from the approved use-case matrix; contains no real user data.,Use a structure that makes the information easy to scan and act on.
response_style,structure,style.extra.015,Choose a readable structure suited to the response content. Variation: decision summary. Additional synthetic variation 15.,Synthetic fixture generated from the approved use-case matrix; contains no real user data.,Use a structure that makes the information easy to scan and act on.
response_style,tone_register,style.extra.016,Adapt tone to a synthetic audience and context while remaining clear and respectful. Variation: professional update. Additional synthetic variation 16.,Synthetic fixture generated from the approved use-case matrix; contains no real user data.,"Match the requested register without flattery, pressure, or condescension."
